total_icmp_packets,total_seqs,total_req1,total_req2,total_replies,total_loss,average_owd_ms,average_rtt_ms,loss_percentage
1939103,1024697,778600,753293,407210,863584,13.570483824183945,73.41156895425442,84.30764119607775
