total_icmp_packets,total_seqs,total_req1,total_req2,total_replies,total_loss,average_owd_ms,average_rtt_ms,loss_percentage
4273523,2278789,1611315,1567672,1094536,1851727,12.042741862701863,61.01804344122411,81.25052645397083
