total_icmp_packets,total_seqs,total_req1,total_req2,total_replies,total_loss,average_owd_ms,average_rtt_ms,loss_percentage
8208242,4223890,3012793,2916442,2279007,3155980,10.500016035654633,60.812993428687406,74.71989817252
