total_icmp_packets,total_seqs,total_req1,total_req2,total_replies,total_loss,average_owd_ms,average_rtt_ms,loss_percentage
3242187,1610847,1242746,1207845,791596,1187352,13.704974836318554,61.01501452209836,73.68657945429203
