total_icmp_packets,total_seqs,total_req1,total_req2,total_replies,total_loss,average_owd_ms,average_rtt_ms,loss_percentage
3763521,1947049,1429336,1389693,944492,1520270,12.761756889485845,60.890482781132874,78.06800477155171
