total_icmp_packets,total_seqs,total_req1,total_req2,total_replies,total_loss,average_owd_ms,average_rtt_ms,loss_percentage
2461980,1215586,966435,936262,559283,905454,14.442343881286295,64.93578239314516,74.51396427585352
