total_icmp_packets,total_seqs,total_req1,total_req2,total_replies,total_loss,average_owd_ms,average_rtt_ms,loss_percentage
5066515,2630854,1888489,1841327,1336699,2036520,11.408964969836594,62.30537921801445,77.41309303956608
