total_icmp_packets,total_seqs,total_req1,total_req2,total_replies,total_loss,average_owd_ms,average_rtt_ms,loss_percentage
1455450,840133,597666,574230,283554,799046,11.862905976414213,79.00456844852405,95.17395901467627
