total_icmp_packets,total_seqs,total_req1,total_req2,total_replies,total_loss,average_owd_ms,average_rtt_ms,loss_percentage
2204239,1125352,876344,846391,481504,892856,13.954210072298805,68.33403221376979,79.37592678916374
