total_icmp_packets,total_seqs,total_req1,total_req2,total_replies,total_loss,average_owd_ms,average_rtt_ms,loss_percentage
4547889,2415400,1708038,1661774,1178077,1944685,11.80812744761884,60.867193844858,80.51942433108927
