total_icmp_packets,total_seqs,total_req1,total_req2,total_replies,total_loss,average_owd_ms,average_rtt_ms,loss_percentage
7148587,3706382,2640828,2557278,1950481,2821455,10.57196234801163,61.00175679130952,76.11990278669249
