total_icmp_packets,total_seqs,total_req1,total_req2,total_replies,total_loss,average_owd_ms,average_rtt_ms,loss_percentage
1192571,706801,499738,481033,211800,702064,11.001278800274436,107.95112981215809,99.32770279990135
