total_icmp_packets,total_seqs,total_req1,total_req2,total_replies,total_loss,average_owd_ms,average_rtt_ms,loss_percentage
9006423,4507026,3290650,3187316,2528457,3194945,10.54623102757032,57.05309315029646,70.89023634591685
