total_icmp_packets,total_seqs,total_req1,total_req2,total_replies,total_loss,average_owd_ms,average_rtt_ms,loss_percentage
7944224,4126506,2922316,2826921,2194987,3135709,10.530290879024875,60.651653740370996,75.99195170471809
